{"cameraMode":{"drawMode":0,"name":"Shaded","section":"Shading Mode"},"sceneLighting":true,"audioPlay":false,"sceneViewState":{"showFog":false,"showMaterialUpdate":false,"showSkybox":true,"showFlares":false,"showImageEffects":false,"showParticleSystems":false},"in2DMode":false,"pivot":{"x":16.944095611572267,"y":0.7376450300216675,"z":0.5509640574455261},"rotation":{"x":0.12112098932266236,"y":-0.7339414954185486,"z":0.1358284056186676,"w":0.6544433236122131},"size":1.0483644008636475,"orthographic":true}