{"cameraMode":{"drawMode":0,"name":"Shaded","section":"Shading Mode"},"sceneLighting":true,"audioPlay":false,"sceneViewState":{"showFog":true,"showMaterialUpdate":false,"showSkybox":true,"showFlares":true,"showImageEffects":true,"showParticleSystems":true},"in2DMode":false,"pivot":{"x":-39.00667190551758,"y":20.16831398010254,"z":-15.764429092407227},"rotation":{"x":0.6963582634925842,"y":-0.07964804768562317,"z":0.07822595536708832,"w":0.7090081572532654},"size":96.05573272705078,"orthographic":false}