{"cameraMode":{"drawMode":0,"name":"Shaded","section":"Shading Mode"},"sceneLighting":true,"audioPlay":false,"sceneViewState":{"showFog":false,"showMaterialUpdate":false,"showSkybox":true,"showFlares":false,"showImageEffects":false,"showParticleSystems":false},"in2DMode":false,"pivot":{"x":93.23777770996094,"y":-16.499988555908204,"z":-31.797786712646486},"rotation":{"x":0.16612452268600465,"y":0.24992747604846955,"z":-0.04357045516371727,"w":0.9529131054878235},"size":99.59967041015625,"orthographic":false}